Workbook

Sheet DASHBOARD
B2: 120-DAY AI/ML ENGINEER STUDY TRACKER
B5: OVERALL METRICS | F5: SUBJECT PROGRESS
B6: Total Topics | C6: =COUNTA('DAILY STUDY PLAN'!G2:G2000) | F6: Subject | G6: Total | H6: Completed | I6: Progress %
B7: Completed Topics | C7: =COUNTIF('DAILY STUDY PLAN'!T2:T2000, "COMPLETED") | F7: Python | G7: =COUNTIF('DAILY STUDY PLAN'!F:F, "Python") | H7: =COUNTIFS('DAILY STUDY PLAN'!F:F, "Python", 'DAILY STUDY PLAN'!T:T, "COMPLETED") | I7: =IFERROR(H7/G7, 0)
B8: Remaining Topics | C8: =B6-B7 | F8: NumPy | G8: =COUNTIF('DAILY STUDY PLAN'!F:F, "NumPy") | H8: =COUNTIFS('DAILY STUDY PLAN'!F:F, "NumPy", 'DAILY STUDY PLAN'!T:T, "COMPLETED") | I8: =IFERROR(H8/G8, 0)
B9: Overall Completion % | C9: =IFERROR(B7/B6, 0) | F9: Pandas | G9: =COUNTIF('DAILY STUDY PLAN'!F:F, "Pandas") | H9: =COUNTIFS('DAILY STUDY PLAN'!F:F, "Pandas", 'DAILY STUDY PLAN'!T:T, "COMPLETED") | I9: =IFERROR(H9/G9, 0)
B10: Total Days | C10: 120 | F10: SQL | G10: =COUNTIF('DAILY STUDY PLAN'!F:F, "SQL") | H10: =COUNTIFS('DAILY STUDY PLAN'!F:F, "SQL", 'DAILY STUDY PLAN'!T:T, "COMPLETED") | I10: =IFERROR(H10/G10, 0)
B11: Mock Interviews | C11: =COUNTIF('DAILY STUDY PLAN'!H2:H2000, "*Mock*") | F11: Math | G11: =COUNTIF('DAILY STUDY PLAN'!F:F, "Math") | H11: =COUNTIFS('DAILY STUDY PLAN'!F:F, "Math", 'DAILY STUDY PLAN'!T:T, "COMPLETED") | I11: =IFERROR(H11/G11, 0)
F12: Machine Learning | G12: =COUNTIF('DAILY STUDY PLAN'!F:F, "Machine Learning") | H12: =COUNTIFS('DAILY STUDY PLAN'!F:F, "Machine Learning", 'DAILY STUDY PLAN'!T:T, "COMPLETED") | I12: =IFERROR(H12/G12, 0)
F13: Deep Learning | G13: =COUNTIF('DAILY STUDY PLAN'!F:F, "Deep Learning") | H13: =COUNTIFS('DAILY STUDY PLAN'!F:F, "Deep Learning", 'DAILY STUDY PLAN'!T:T, "COMPLETED") | I13: =IFERROR(H13/G13, 0)
F14: PyTorch | G14: =COUNTIF('DAILY STUDY PLAN'!F:F, "PyTorch") | H14: =COUNTIFS('DAILY STUDY PLAN'!F:F, "PyTorch", 'DAILY STUDY PLAN'!T:T, "COMPLETED") | I14: =IFERROR(H14/G14, 0)
F15: TensorFlow | G15: =COUNTIF('DAILY STUDY PLAN'!F:F, "TensorFlow") | H15: =COUNTIFS('DAILY STUDY PLAN'!F:F, "TensorFlow", 'DAILY STUDY PLAN'!T:T, "COMPLETED") | I15: =IFERROR(H15/G15, 0)
F16: Computer Vision | G16: =COUNTIF('DAILY STUDY PLAN'!F:F, "Computer Vision") | H16: =COUNTIFS('DAILY STUDY PLAN'!F:F, "Computer Vision", 'DAILY STUDY PLAN'!T:T, "COMPLETED") | I16: =IFERROR(H16/G16, 0)
F17: NLP | G17: =COUNTIF('DAILY STUDY PLAN'!F:F, "NLP") | H17: =COUNTIFS('DAILY STUDY PLAN'!F:F, "NLP", 'DAILY STUDY PLAN'!T:T, "COMPLETED") | I17: =IFERROR(H17/G17, 0)
F18: Generative AI | G18: =COUNTIF('DAILY STUDY PLAN'!F:F, "Generative AI") | H18: =COUNTIFS('DAILY STUDY PLAN'!F:F, "Generative AI", 'DAILY STUDY PLAN'!T:T, "COMPLETED") | I18: =IFERROR(H18/G18, 0)
F19: Prompt Engineering | G19: =COUNTIF('DAILY STUDY PLAN'!F:F, "Prompt Engineering") | H19: =COUNTIFS('DAILY STUDY PLAN'!F:F, "Prompt Engineering", 'DAILY STUDY PLAN'!T:T, "COMPLETED") | I19: =IFERROR(H19/G19, 0)
F20: Transformers | G20: =COUNTIF('DAILY STUDY PLAN'!F:F, "Transformers") | H20: =COUNTIFS('DAILY STUDY PLAN'!F:F, "Transformers", 'DAILY STUDY PLAN'!T:T, "COMPLETED") | I20: =IFERROR(H20/G20, 0)
F21: Hugging Face | G21: =COUNTIF('DAILY STUDY PLAN'!F:F, "Hugging Face") | H21: =COUNTIFS('DAILY STUDY PLAN'!F:F, "Hugging Face", 'DAILY STUDY PLAN'!T:T, "COMPLETED") | I21: =IFERROR(H21/G21, 0)
F22: Fine-Tuning | G22: =COUNTIF('DAILY STUDY PLAN'!F:F, "Fine-Tuning") | H22: =COUNTIFS('DAILY STUDY PLAN'!F:F, "Fine-Tuning", 'DAILY STUDY PLAN'!T:T, "COMPLETED") | I22: =IFERROR(H22/G22, 0)
F23: RAG | G23: =COUNTIF('DAILY STUDY PLAN'!F:F, "RAG") | H23: =COUNTIFS('DAILY STUDY PLAN'!F:F, "RAG", 'DAILY STUDY PLAN'!T:T, "COMPLETED") | I23: =IFERROR(H23/G23, 0)
F24: Vector DB | G24: =COUNTIF('DAILY STUDY PLAN'!F:F, "Vector DB") | H24: =COUNTIFS('DAILY STUDY PLAN'!F:F, "Vector DB", 'DAILY STUDY PLAN'!T:T, "COMPLETED") | I24: =IFERROR(H24/G24, 0)
F25: LangChain | G25: =COUNTIF('DAILY STUDY PLAN'!F:F, "LangChain") | H25: =COUNTIFS('DAILY STUDY PLAN'!F:F, "LangChain", 'DAILY STUDY PLAN'!T:T, "COMPLETED") | I25: =IFERROR(H25/G25, 0)
F26: LangGraph | G26: =COUNTIF('DAILY STUDY PLAN'!F:F, "LangGraph") | H26: =COUNTIFS('DAILY STUDY PLAN'!F:F, "LangGraph", 'DAILY STUDY PLAN'!T:T, "COMPLETED") | I26: =IFERROR(H26/G26, 0)
F27: FastAPI | G27: =COUNTIF('DAILY STUDY PLAN'!F:F, "FastAPI") | H27: =COUNTIFS('DAILY STUDY PLAN'!F:F, "FastAPI", 'DAILY STUDY PLAN'!T:T, "COMPLETED") | I27: =IFERROR(H27/G27, 0)
F28: Git | G28: =COUNTIF('DAILY STUDY PLAN'!F:F, "Git") | H28: =COUNTIFS('DAILY STUDY PLAN'!F:F, "Git", 'DAILY STUDY PLAN'!T:T, "COMPLETED") | I28: =IFERROR(H28/G28, 0)
F29: Docker | G29: =COUNTIF('DAILY STUDY PLAN'!F:F, "Docker") | H29: =COUNTIFS('DAILY STUDY PLAN'!F:F, "Docker", 'DAILY STUDY PLAN'!T:T, "COMPLETED") | I29: =IFERROR(H29/G29, 0)
F30: DSA | G30: =COUNTIF('DAILY STUDY PLAN'!F:F, "DSA") | H30: =COUNTIFS('DAILY STUDY PLAN'!F:F, "DSA", 'DAILY STUDY PLAN'!T:T, "COMPLETED") | I30: =IFERROR(H30/G30, 0)
F31: Project | G31: =COUNTIF('DAILY STUDY PLAN'!F:F, "Project") | H31: =COUNTIFS('DAILY STUDY PLAN'!F:F, "Project", 'DAILY STUDY PLAN'!T:T, "COMPLETED") | I31: =IFERROR(H31/G31, 0)

Sheet DAILY TIMETABLE
A1: Time | B1: Activity | C1: Duration | D1: Description
A2: 10:00 AM – 10:30 AM | B2: English Practice | C2: 30 min | D2: Reading aloud, Technical speaking, Interview speaking
A3: 10:30 AM – 12:00 PM | B3: Main Technical Study | C3: 90 min | D3: Deep focus on primary daily topics
A4: 12:00 PM – 12:15 PM | B4: Short Break | C4: 15 min | D4: Rest eyes, stretch
A5: 12:15 PM – 2:00 PM | B5: Coding / Practice | C5: 105 min | D5: Hands-on implementation of studied topics
A6: 2:00 PM – 3:00 PM | B6: Lunch + Rest | C6: 60 min | D6: Meal and mental recharge
A7: 3:00 PM – 5:00 PM | B7: Project / Hands-On | C7: 120 min | D7: Applying concepts to main portfolio projects
A8: 5:00 PM – 5:30 PM | B8: Break | C8: 30 min | D8: Evening walk or tea
A9: 5:30 PM – 6:30 PM | B9: DSA / SQL / Revision | C9: 60 min | D9: Algorithm practice, queries, or reviewing previous concepts
A10: 6:30 PM – 7:30 PM | B10: Interview Preparation | C10: 60 min | D10: Mock answers, theory review, behavioral questions
A11: 7:30 PM – 8:30 PM | B11: Dinner | C11: 60 min | D11: Dinner time
A12: 8:30 PM – 9:30 PM | B12: Job Applications | C12: 60 min | D12: Updating resume, tailoring cover letters, applying to targets
A13: 9:30 PM – 10:00 PM | B13: Revision & Planning | C13: 30 min | D13: Quick recap of the day and setting up for tomorrow

Sheet DAILY STUDY PLAN
A1: Day | B1: Date | C1: Week | D1: Month | E1: Phase | F1: Subject | G1: Topic | H1: Subtopic | I1: What to Learn | J1: Study Time | K1: Practice Time | L1: Practice Task | M1: Interview Time | N1: Interview Question | O1: English Time | P1: English Practice | Q1: Project Work | R1: Job Application Target | S1: Completion Checkbox | T1: Status | U1: Notes
A2: 1 | B2: 2026-08-31 | C2: 1 | D2: 1 | E2: Month 1 | F2: Python | G2: Setup | H2: Python installation | I2: Master Python installation | J2: 45 min | K2: 45 min | L2: Code/Implement Python installation | M2: 15 min | N2: Why is Python installation important in a project? | O2: 15 min | P2: Explain how you setup Python installation. | Q2: Build/Refine code | R2: 5 | S2: ☐ Not Started | T2: =IF(S2="☑ Completed", "COMPLETED", "NOT STARTED") | U2: Review Notes for Day 1
A3: 1 | B3: 2026-08-31 | C3: 1 | D3: 1 | E3: Month 1 | F3: Python | G3: Setup | H3: VS Code setup | I3: Master VS Code setup | J3: 30 min | K3: 30 min | L3: Code/Implement VS Code setup | M3: 15 min | N3: Why is VS Code setup important in a project? | O3: 15 min | P3: Explain how you setup VS Code setup. | Q3: Build/Refine code | R3: - | S3: ☐ Not Started | T3: =IF(S3="☑ Completed", "COMPLETED", "NOT STARTED") | U3: Review Notes for Day 1
A4: 1 | B4: 2026-08-31 | C4: 1 | D4: 1 | E4: Month 1 | F4: Python | G4: Setup | H4: Virtual environment | I4: Master Virtual environment | J4: 30 min | K4: 30 min | L4: Code/Implement Virtual environment | M4: 15 min | N4: Why is Virtual environment important in a project? | O4: 15 min | P4: Explain how you setup Virtual environment. | Q4: Build/Refine code | R4: - | S4: ☐ Not Started | T4: =IF(S4="☑ Completed", "COMPLETED", "NOT STARTED") | U4: Review Notes for Day 1
A5: 1 | B5: 2026-08-31 | C5: 1 | D5: 1 | E5: Month 1 | F5: Python | G5: Setup | H5: pip | I5: Master pip | J5: 30 min | K5: 30 min | L5: Code/Implement pip | M5: 15 min | N5: Why is pip important in a project? | O5: 15 min | P5: Explain how you setup pip. | Q5: Build/Refine code | R5: - | S5: ☐ Not Started | T5: =IF(S5="☑ Completed", "COMPLETED", "NOT STARTED") | U5: Review Notes for Day 1
A6: 1 | B6: 2026-08-31 | C6: 1 | D6: 1 | E6: Month 1 | F6: Python | G6: Setup | H6: requirements.txt | I6: Master requirements.txt | J6: 30 min | K6: 30 min | L6: Code/Implement requirements.txt | M6: 15 min | N6: Why is requirements.txt important in a project? | O6: 15 min | P6: Explain how you setup requirements.txt. | Q6: Build/Refine code | R6: - | S6: ☐ Not Started | T6: =IF(S6="☑ Completed", "COMPLETED", "NOT STARTED") | U6: Review Notes for Day 1
A7: 2 | B7: 2026-09-01 | C7: 1 | D7: 1 | E7: Month 1 | F7: Python | G7: Basics | H7: Python syntax | I7: Master Python syntax | J7: 45 min | K7: 45 min | L7: Code/Implement Python syntax | M7: 15 min | N7: What is the difference between various types in Python? (focus on Python syntax) | O7: 15 min | P7: Explain what Python syntax means to a non-technical person. | Q7: Build/Refine code | R7: 5 | S7: ☐ Not Started | T7: =IF(S7="☑ Completed", "COMPLETED", "NOT STARTED") | U7: Review Notes for Day 2
A8: 2 | B8: 2026-09-01 | C8: 1 | D8: 1 | E8: Month 1 | F8: Python | G8: Basics | H8: Variables | I8: Master Variables | J8: 30 min | K8: 30 min | L8: Code/Implement Variables | M8: 15 min | N8: What is the difference between various types in Python? (focus on Variables) | O8: 15 min | P8: Explain what Variables means to a non-technical person. | Q8: Build/Refine code | R8: - | S8: ☐ Not Started | T8: =IF(S8="☑ Completed", "COMPLETED", "NOT STARTED") | U8: Review Notes for Day 2
A9: 2 | B9: 2026-09-01 | C9: 1 | D9: 1 | E9: Month 1 | F9: Python | G9: Basics | H9: int | I9: Master int | J9: 30 min | K9: 30 min | L9: Code/Implement int | M9: 15 min | N9: What is the difference between various types in Python? (focus on int) | O9: 15 min | P9: Explain what int means to a non-technical person. | Q9: Build/Refine code | R9: - | S9: ☐ Not Started | T9: =IF(S9="☑ Completed", "COMPLETED", "NOT STARTED") | U9: Review Notes for Day 2
A10: 2 | B10: 2026-09-01 | C10: 1 | D10: 1 | E10: Month 1 | F10: Python | G10: Basics | H10: float | I10: Master float | J10: 30 min | K10: 30 min | L10: Code/Implement float | M10: 15 min | N10: What is the difference between various types in Python? (focus on float) | O10: 15 min | P10: Explain what float means to a non-technical person. | Q10: Build/Refine code | R10: - | S10: ☐ Not Started | T10: =IF(S10="☑ Completed", "COMPLETED", "NOT STARTED") | U10: Review Notes for Day 2
A11: 2 | B11: 2026-09-01 | C11: 1 | D11: 1 | E11: Month 1 | F11: Python | G11: Basics | H11: string | I11: Master string | J11: 30 min | K11: 30 min | L11: Code/Implement string | M11: 15 min | N11: What is the difference between various types in Python? (focus on string) | O11: 15 min | P11: Explain what string means to a non-technical person. | Q11: Build/Refine code | R11: - | S11: ☐ Not Started | T11: =IF(S11="☑ Completed", "COMPLETED", "NOT STARTED") | U11: Review Notes for Day 2
A12: 3 | B12: 2026-09-02 | C12: 1 | D12: 1 | E12: Month 1 | F12: Python | G12: Basics | H12: boolean | I12: Master boolean | J12: 45 min | K12: 45 min | L12: Code/Implement boolean | M12: 15 min | N12: What is the difference between various types in Python? (focus on boolean) | O12: 15 min | P12: Explain what boolean means to a non-technical person. | Q12: Build/Refine code | R12: 5 | S12: ☐ Not Started | T12: =IF(S12="☑ Completed", "COMPLETED", "NOT STARTED") | U12: Review Notes for Day 3
A13: 3 | B13: 2026-09-02 | C13: 1 | D13: 1 | E13: Month 1 | F13: Python | G13: Basics | H13: None | I13: Master None | J13: 30 min | K13: 30 min | L13: Code/Implement None | M13: 15 min | N13: What is the difference between various types in Python? (focus on None) | O13: 15 min | P13: Explain what None means to a non-technical person. | Q13: Build/Refine code | R13: - | S13: ☐ Not Started | T13: =IF(S13="☑ Completed", "COMPLETED", "NOT STARTED") | U13: Review Notes for Day 3
A14: 3 | B14: 2026-09-02 | C14: 1 | D14: 1 | E14: Month 1 | F14: Python | G14: Basics | H14: Type conversion | I14: Master Type conversion | J14: 30 min | K14: 30 min | L14: Code/Implement Type conversion | M14: 15 min | N14: What is the difference between various types in Python? (focus on Type conversion) | O14: 15 min | P14: Explain what Type conversion means to a non-technical person. | Q14: Build/Refine code | R14: - | S14: ☐ Not Started | T14: =IF(S14="☑ Completed", "COMPLETED", "NOT STARTED") | U14: Review Notes for Day 3
A15: 3 | B15: 2026-09-02 | C15: 1 | D15: 1 | E15: Month 1 | F15: Python | G15: Operators | H15: Arithmetic | I15: Master Arithmetic | J15: 30 min | K15: 30 min | L15: Code/Implement Arithmetic | M15: 15 min | N15: How do Arithmetic operators work in Python? | O15: 15 min | P15: Give a real life example of using Arithmetic. | Q15: Build/Refine code | R15: - | S15: ☐ Not Started | T15: =IF(S15="☑ Completed", "COMPLETED", "NOT STARTED") | U15: Review Notes for Day 3
A16: 3 | B16: 2026-09-02 | C16: 1 | D16: 1 | E16: Month 1 | F16: Python | G16: Operators | H16: Comparison | I16: Master Comparison | J16: 30 min | K16: 30 min | L16: Code/Implement Comparison | M16: 15 min | N16: How do Comparison operators work in Python? | O16: 15 min | P16: Give a real life example of using Comparison. | Q16: Build/Refine code | R16: - | S16: ☐ Not Started | T16: =IF(S16="☑ Completed", "COMPLETED", "NOT STARTED") | U16: Review Notes for Day 3
A17: 4 | B17: 2026-09-03 | C17: 1 | D17: 1 | E17: Month 1 | F17: Python | G17: Operators | H17: Logical | I17: Master Logical | J17: 45 min | K17: 45 min | L17: Code/Implement Logical | M17: 15 min | N17: How do Logical operators work in Python? | O17: 15 min | P17: Give a real life example of using Logical. | Q17: Build/Refine code | R17: 5 | S17: ☐ Not Started | T17: =IF(S17="☑ Completed", "COMPLETED", "NOT STARTED") | U17: Review Notes for Day 4
A18: 4 | B18: 2026-09-03 | C18: 1 | D18: 1 | E18: Month 1 | F18: Python | G18: Operators | H18: Assignment | I18: Master Assignment | J18: 30 min | K18: 30 min | L18: Code/Implement Assignment | M18: 15 min | N18: How do Assignment operators work in Python? | O18: 15 min | P18: Give a real life example of using Assignment. | Q18: Build/Refine code | R18: - | S18: ☐ Not Started | T18: =IF(S18="☑ Completed", "COMPLETED", "NOT STARTED") | U18: Review Notes for Day 4
A19: 4 | B19: 2026-09-03 | C19: 1 | D19: 1 | E19: Month 1 | F19: Python | G19: Operators | H19: Membership | I19: Master Membership | J19: 30 min | K19: 30 min | L19: Code/Implement Membership | M19: 15 min | N19: How do Membership operators work in Python? | O19: 15 min | P19: Give a real life example of using Membership. | Q19: Build/Refine code | R19: - | S19: ☐ Not Started | T19: =IF(S19="☑ Completed", "COMPLETED", "NOT STARTED") | U19: Review Notes for Day 4
A20: 4 | B20: 2026-09-03 | C20: 1 | D20: 1 | E20: Month 1 | F20: Python | G20: Operators | H20: Identity | I20: Master Identity | J20: 30 min | K20: 30 min | L20: Code/Implement Identity | M20: 15 min | N20: How do Identity operators work in Python? | O20: 15 min | P20: Give a real life example of using Identity. | Q20: Build/Refine code | R20: - | S20: ☐ Not Started | T20: =IF(S20="☑ Completed", "COMPLETED", "NOT STARTED") | U20: Review Notes for Day 4
A21: 4 | B21: 2026-09-03 | C21: 1 | D21: 1 | E21: Month 1 | F21: Python | G21: Data Structures | H21: Strings | I21: Master Strings | J21: 30 min | K21: 30 min | L21: Code/Implement Strings | M21: 15 min | N21: What is the time complexity of common Strings operations? | O21: 15 min | P21: Compare Strings with another data structure in English. | Q21: Build/Refine code | R21: - | S21: ☐ Not Started | T21: =IF(S21="☑ Completed", "COMPLETED", "NOT STARTED") | U21: Review Notes for Day 4
A22: 5 | B22: 2026-09-04 | C22: 1 | D22: 1 | E22: Month 1 | F22: Python | G22: Data Structures | H22: String indexing | I22: Master String indexing | J22: 45 min | K22: 45 min | L22: Code/Implement String indexing | M22: 15 min | N22: What is the time complexity of common String indexing operations? | O22: 15 min | P22: Compare String indexing with another data structure in English. | Q22: Build/Refine code | R22: 5 | S22: ☐ Not Started | T22: =IF(S22="☑ Completed", "COMPLETED", "NOT STARTED") | U22: Review Notes for Day 5
A23: 5 | B23: 2026-09-04 | C23: 1 | D23: 1 | E23: Month 1 | F23: Python | G23: Data Structures | H23: String slicing | I23: Master String slicing | J23: 30 min | K23: 30 min | L23: Code/Implement String slicing | M23: 15 min | N23: What is the time complexity of common String slicing operations? | O23: 15 min | P23: Compare String slicing with another data structure in English. | Q23: Build/Refine code | R23: - | S23: ☐ Not Started | T23: =IF(S23="☑ Completed", "COMPLETED", "NOT STARTED") | U23: Review Notes for Day 5
A24: 5 | B24: 2026-09-04 | C24: 1 | D24: 1 | E24: Month 1 | F24: Python | G24: Data Structures | H24: String methods | I24: Master String methods | J24: 30 min | K24: 30 min | L24: Code/Implement String methods | M24: 15 min | N24: What is the time complexity of common String methods operations? | O24: 15 min | P24: Compare String methods with another data structure in English. | Q24: Build/Refine code | R24: - | S24: ☐ Not Started | T24: =IF(S24="☑ Completed", "COMPLETED", "NOT STARTED") | U24: Review Notes for Day 5
A25: 5 | B25: 2026-09-04 | C25: 1 | D25: 1 | E25: Month 1 | F25: Python | G25: Data Structures | H25: Lists | I25: Master Lists | J25: 30 min | K25: 30 min | L25: Code/Implement Lists | M25: 15 min | N25: What is the time complexity of common Lists operations? | O25: 15 min | P25: Compare Lists with another data structure in English. | Q25: Build/Refine code | R25: - | S25: ☐ Not Started | T25: =IF(S25="☑ Completed", "COMPLETED", "NOT STARTED") | U25: Review Notes for Day 5
A26: 5 | B26: 2026-09-04 | C26: 1 | D26: 1 | E26: Month 1 | F26: Python | G26: Data Structures | H26: List indexing | I26: Master List indexing | J26: 30 min | K26: 30 min | L26: Code/Implement List indexing | M26: 15 min | N26: What is the time complexity of common List indexing operations? | O26: 15 min | P26: Compare List indexing with another data structure in English. | Q26: Build/Refine code | R26: - | S26: ☐ Not Started | T26: =IF(S26="☑ Completed", "COMPLETED", "NOT STARTED") | U26: Review Notes for Day 5
A27: 6 | B27: 2026-09-05 | C27: 1 | D27: 1 | E27: Month 1 | F27: Python | G27: Data Structures | H27: List slicing | I27: Master List slicing | J27: 45 min | K27: 45 min | L27: Code/Implement List slicing | M27: 15 min | N27: What is the time complexity of common List slicing operations? | O27: 15 min | P27: Compare List slicing with another data structure in English. | Q27: Build/Refine code | R27: 5 | S27: ☐ Not Started | T27: =IF(S27="☑ Completed", "COMPLETED", "NOT STARTED") | U27: Review Notes for Day 6
A28: 6 | B28: 2026-09-05 | C28: 1 | D28: 1 | E28: Month 1 | F28: Python | G28: Data Structures | H28: List methods | I28: Master List methods | J28: 30 min | K28: 30 min | L28: Code/Implement List methods | M28: 15 min | N28: What is the time complexity of common List methods operations? | O28: 15 min | P28: Compare List methods with another data structure in English. | Q28: Build/Refine code | R28: - | S28: ☐ Not Started | T28: =IF(S28="☑ Completed", "COMPLETED", "NOT STARTED") | U28: Review Notes for Day 6
A29: 6 | B29: 2026-09-05 | C29: 1 | D29: 1 | E29: Month 1 | F29: Python | G29: Data Structures | H29: Tuples | I29: Master Tuples | J29: 30 min | K29: 30 min | L29: Code/Implement Tuples | M29: 15 min | N29: What is the time complexity of common Tuples operations? | O29: 15 min | P29: Compare Tuples with another data structure in English. | Q29: Build/Refine code | R29: - | S29: ☐ Not Started | T29: =IF(S29="☑ Completed", "COMPLETED", "NOT STARTED") | U29: Review Notes for Day 6
A30: 6 | B30: 2026-09-05 | C30: 1 | D30: 1 | E30: Month 1 | F30: Python | G30: Data Structures | H30: Tuple methods | I30: Master Tuple methods | J30: 30 min | K30: 30 min | L30: Code/Implement Tuple methods | M30: 15 min | N30: What is the time complexity of common Tuple methods operations? | O30: 15 min | P30: Compare Tuple methods with another data structure in English. | Q30: Build/Refine code | R30: - | S30: ☐ Not Started | T30: =IF(S30="☑ Completed", "COMPLETED", "NOT STARTED") | U30: Review Notes for Day 6
A31: 6 | B31: 2026-09-05 | C31: 1 | D31: 1 | E31: Month 1 | F31: Python | G31: Data Structures | H31: Sets | I31: Master Sets | J31: 30 min | K31: 30 min | L31: Code/Implement Sets | M31: 15 min | N31: What is the time complexity of common Sets operations? | O31: 15 min | P31: Compare Sets with another data structure in English. | Q31: Build/Refine code | R31: - | S31: ☐ Not Started | T31: =IF(S31="☑ Completed", "COMPLETED", "NOT STARTED") | U31: Review Notes for Day 6
A32: 7 | B32: 2026-09-06 | C32: 1 | D32: 1 | E32: Month 1 | F32: Python | G32: Data Structures | H32: Set operations | I32: Master Set operations | J32: 45 min | K32: 45 min | L32: Code/Implement Set operations | M32: 15 min | N32: What is the time complexity of common Set operations operations? | O32: 15 min | P32: Compare Set operations with another data structure in English. | Q32: Build/Refine code | R32: 5 | S32: ☐ Not Started | T32: =IF(S32="☑ Completed", "COMPLETED", "NOT STARTED") | U32: Review Notes for Day 7
A33: 7 | B33: 2026-09-06 | C33: 1 | D33: 1 | E33: Month 1 | F33: Python | G33: Data Structures | H33: Dictionaries | I33: Master Dictionaries | J33: 30 min | K33: 30 min | L33: Code/Implement Dictionaries | M33: 15 min | N33: What is the time complexity of common Dictionaries operations? | O33: 15 min | P33: Compare Dictionaries with another data structure in English. | Q33: Build/Refine code | R33: - | S33: ☐ Not Started | T33: =IF(S33="☑ Completed", "COMPLETED", "NOT STARTED") | U33: Review Notes for Day 7
A34: 7 | B34: 2026-09-06 | C34: 1 | D34: 1 | E34: Month 1 | F34: Python | G34: Data Structures | H34: Dictionary methods | I34: Master Dictionary methods | J34: 30 min | K34: 30 min | L34: Code/Implement Dictionary methods | M34: 15 min | N34: What is the time complexity of common Dictionary methods operations? | O34: 15 min | P34: Compare Dictionary methods with another data structure in English. | Q34: Build/Refine code | R34: - | S34: ☐ Not Started | T34: =IF(S34="☑ Completed", "COMPLETED", "NOT STARTED") | U34: Review Notes for Day 7
A35: 7 | B35: 2026-09-06 | C35: 1 | D35: 1 | E35: Month 1 | F35: Python | G35: Control Flow | H35: if | I35: Master if | J35: 30 min | K35: 30 min | L35: Code/Implement if | M35: 15 min | N35: When would you use if instead of an alternative? | O35: 15 min | P35: Explain the logic of if out loud. | Q35: Build/Refine code | R35: - | S35: ☐ Not Started | T35: =IF(S35="☑ Completed", "COMPLETED", "NOT STARTED") | U35: Review Notes for Day 7
A36: 7 | B36: 2026-09-06 | C36: 1 | D36: 1 | E36: Month 1 | F36: Python | G36: Control Flow | H36: elif | I36: Master elif | J36: 30 min | K36: 30 min | L36: Code/Implement elif | M36: 15 min | N36: When would you use elif instead of an alternative? | O36: 15 min | P36: Explain the logic of elif out loud. | Q36: Build/Refine code | R36: - | S36: ☐ Not Started | T36: =IF(S36="☑ Completed", "COMPLETED", "NOT STARTED") | U36: Review Notes for Day 7
A37: 8 | B37: 2026-09-07 | C37: 2 | D37: 1 | E37: Month 1 | F37: Python | G37: Control Flow | H37: else | I37: Master else | J37: 45 min | K37: 45 min | L37: Code/Implement else | M37: 15 min | N37: When would you use else instead of an alternative? | O37: 15 min | P37: Explain the logic of else out loud. | Q37: Build/Refine code | R37: 5 | S37: ☐ Not Started | T37: =IF(S37="☑ Completed", "COMPLETED", "NOT STARTED") | U37: Review Notes for Day 8
A38: 8 | B38: 2026-09-07 | C38: 2 | D38: 1 | E38: Month 1 | F38: Python | G38: Control Flow | H38: Nested conditions | I38: Master Nested conditions | J38: 30 min | K38: 30 min | L38: Code/Implement Nested conditions | M38: 15 min | N38: When would you use Nested conditions instead of an alternative? | O38: 15 min | P38: Explain the logic of Nested conditions out loud. | Q38: Build/Refine code | R38: - | S38: ☐ Not Started | T38: =IF(S38="☑ Completed", "COMPLETED", "NOT STARTED") | U38: Review Notes for Day 8
A39: 8 | B39: 2026-09-07 | C39: 2 | D39: 1 | E39: Month 1 | F39: Python | G39: Control Flow | H39: for loop | I39: Master for loop | J39: 30 min | K39: 30 min | L39: Code/Implement for loop | M39: 15 min | N39: When would you use for loop instead of an alternative? | O39: 15 min | P39: Explain the logic of for loop out loud. | Q39: Build/Refine code | R39: - | S39: ☐ Not Started | T39: =IF(S39="☑ Completed", "COMPLETED", "NOT STARTED") | U39: Review Notes for Day 8
A40: 8 | B40: 2026-09-07 | C40: 2 | D40: 1 | E40: Month 1 | F40: Python | G40: Control Flow | H40: while loop | I40: Master while loop | J40: 30 min | K40: 30 min | L40: Code/Implement while loop | M40: 15 min | N40: When would you use while loop instead of an alternative? | O40: 15 min | P40: Explain the logic of while loop out loud. | Q40: Build/Refine code | R40: - | S40: ☐ Not Started | T40: =IF(S40="☑ Completed", "COMPLETED", "NOT STARTED") | U40: Review Notes for Day 8
A41: 8 | B41: 2026-09-07 | C41: 2 | D41: 1 | E41: Month 1 | F41: Python | G41: Control Flow | H41: break | I41: Master break | J41: 30 min | K41: 30 min | L41: Code/Implement break | M41: 15 min | N41: When would you use break instead of an alternative? | O41: 15 min | P41: Explain the logic of break out loud. | Q41: Build/Refine code | R41: - | S41: ☐ Not Started | T41: =IF(S41="☑ Completed", "COMPLETED", "NOT STARTED") | U41: Review Notes for Day 8
A42: 9 | B42: 2026-09-08 | C42: 2 | D42: 1 | E42: Month 1 | F42: Python | G42: Control Flow | H42: continue | I42: Master continue | J42: 45 min | K42: 45 min | L42: Code/Implement continue | M42: 15 min | N42: When would you use continue instead of an alternative? | O42: 15 min | P42: Explain the logic of continue out loud. | Q42: Build/Refine code | R42: 5 | S42: ☐ Not Started | T42: =IF(S42="☑ Completed", "COMPLETED", "NOT STARTED") | U42: Review Notes for Day 9
A43: 9 | B43: 2026-09-08 | C43: 2 | D43: 1 | E43: Month 1 | F43: Python | G43: Control Flow | H43: pass | I43: Master pass | J43: 30 min | K43: 30 min | L43: Code/Implement pass | M43: 15 min | N43: When would you use pass instead of an alternative? | O43: 15 min | P43: Explain the logic of pass out loud. | Q43: Build/Refine code | R43: - | S43: ☐ Not Started | T43: =IF(S43="☑ Completed", "COMPLETED", "NOT STARTED") | U43: Review Notes for Day 9
A44: 9 | B44: 2026-09-08 | C44: 2 | D44: 1 | E44: Month 1 | F44: Python | G44: Control Flow | H44: range() | I44: Master range() | J44: 30 min | K44: 30 min | L44: Code/Implement range() | M44: 15 min | N44: When would you use range() instead of an alternative? | O44: 15 min | P44: Explain the logic of range() out loud. | Q44: Build/Refine code | R44: - | S44: ☐ Not Started | T44: =IF(S44="☑ Completed", "COMPLETED", "NOT STARTED") | U44: Review Notes for Day 9
A45: 9 | B45: 2026-09-08 | C45: 2 | D45: 1 | E45: Month 1 | F45: Python | G45: Functions | H45: Function arguments | I45: Master Function arguments | J45: 30 min | K45: 30 min | L45: Code/Implement Function arguments | M45: 15 min | N45: How does Function arguments improve code readability? | O45: 15 min | P45: Describe a scenario where you used Function arguments. | Q45: Build/Refine code | R45: - | S45: ☐ Not Started | T45: =IF(S45="☑ Completed", "COMPLETED", "NOT STARTED") | U45: Review Notes for Day 9
A46: 9 | B46: 2026-09-08 | C46: 2 | D46: 1 | E46: Month 1 | F46: Python | G46: Functions | H46: Default arguments | I46: Master Default arguments | J46: 30 min | K46: 30 min | L46: Code/Implement Default arguments | M46: 15 min | N46: How does Default arguments improve code readability? | O46: 15 min | P46: Describe a scenario where you used Default arguments. | Q46: Build/Refine code | R46: - | S46: ☐ Not Started | T46: =IF(S46="☑ Completed", "COMPLETED", "NOT STARTED") | U46: Review Notes for Day 9
A47: 10 | B47: 2026-09-09 | C47: 2 | D47: 1 | E47: Month 1 | F47: Python | G47: Functions | H47: Keyword arguments | I47: Master Keyword arguments | J47: 45 min | K47: 45 min | L47: Code/Implement Keyword arguments | M47: 15 min | N47: How does Keyword arguments improve code readability? | O47: 15 min | P47: Describe a scenario where you used Keyword arguments. | Q47: Build/Refine code | R47: 5 | S47: ☐ Not Started | T47: =IF(S47="☑ Completed", "COMPLETED", "NOT STARTED") | U47: Review Notes for Day 10
A48: 10 | B48: 2026-09-09 | C48: 2 | D48: 1 | E48: Month 1 | F48: Python | G48: Functions | H48: *args | I48: Master *args | J48: 30 min | K48: 30 min | L48: Code/Implement *args | M48: 15 min | N48: How does *args improve code readability? | O48: 15 min | P48: Describe a scenario where you used *args. | Q48: Build/Refine code | R48: - | S48: ☐ Not Started | T48: =IF(S48="☑ Completed", "COMPLETED", "NOT STARTED") | U48: Review Notes for Day 10
A49: 10 | B49: 2026-09-09 | C49: 2 | D49: 1 | E49: Month 1 | F49: Python | G49: Functions | H49: **kwargs | I49: Master **kwargs | J49: 30 min | K49: 30 min | L49: Code/Implement **kwargs | M49: 15 min | N49: How does **kwargs improve code readability? | O49: 15 min | P49: Describe a scenario where you used **kwargs. | Q49: Build/Refine code | R49: - | S49: ☐ Not Started | T49: =IF(S49="☑ Completed", "COMPLETED", "NOT STARTED") | U49: Review Notes for Day 10
A50: 10 | B50: 2026-09-09 | C50: 2 | D50: 1 | E50: Month 1 | F50: Python | G50: Functions | H50: Return statement | I50: Master Return statement | J50: 30 min | K50: 30 min | L50: Code/Implement Return statement | M50: 15 min | N50: How does Return statement improve code readability? | O50: 15 min | P50: Describe a scenario where you used Return statement. | Q50: Build/Refine code | R50: - | S50: ☐ Not Started | T50: =IF(S50="☑ Completed", "COMPLETED", "NOT STARTED") | U50: Review Notes for Day 10
A51: 10 | B51: 2026-09-09 | C51: 2 | D51: 1 | E51: Month 1 | F51: Python | G51: Functions | H51: Lambda | I51: Master Lambda | J51: 30 min | K51: 30 min | L51: Code/Implement Lambda | M51: 15 min | N51: How does Lambda improve code readability? | O51: 15 min | P51: Describe a scenario where you used Lambda. | Q51: Build/Refine code | R51: - | S51: ☐ Not Started | T51: =IF(S51="☑ Completed", "COMPLETED", "NOT STARTED") | U51: Review Notes for Day 10
A52: 11 | B52: 2026-09-10 | C52: 2 | D52: 1 | E52: Month 1 | F52: Python | G52: Functions | H52: Map | I52: Master Map | J52: 45 min | K52: 45 min | L52: Code/Implement Map | M52: 15 min | N52: How does Map improve code readability? | O52: 15 min | P52: Describe a scenario where you used Map. | Q52: Build/Refine code | R52: 5 | S52: ☐ Not Started | T52: =IF(S52="☑ Completed", "COMPLETED", "NOT STARTED") | U52: Review Notes for Day 11
A53: 11 | B53: 2026-09-10 | C53: 2 | D53: 1 | E53: Month 1 | F53: Python | G53: Functions | H53: Filter | I53: Master Filter | J53: 30 min | K53: 30 min | L53: Code/Implement Filter | M53: 15 min | N53: How does Filter improve code readability? | O53: 15 min | P53: Describe a scenario where you used Filter. | Q53: Build/Refine code | R53: - | S53: ☐ Not Started | T53: =IF(S53="☑ Completed", "COMPLETED", "NOT STARTED") | U53: Review Notes for Day 11
A54: 11 | B54: 2026-09-10 | C54: 2 | D54: 1 | E54: Month 1 | F54: Python | G54: Functions | H54: Reduce | I54: Master Reduce | J54: 30 min | K54: 30 min | L54: Code/Implement Reduce | M54: 15 min | N54: How does Reduce improve code readability? | O54: 15 min | P54: Describe a scenario where you used Reduce. | Q54: Build/Refine code | R54: - | S54: ☐ Not Started | T54: =IF(S54="☑ Completed", "COMPLETED", "NOT STARTED") | U54: Review Notes for Day 11
A55: 11 | B55: 2026-09-10 | C55: 2 | D55: 1 | E55: Month 1 | F55: Python | G55: Advanced | H55: List comprehension | I55: Master List comprehension | J55: 30 min | K55: 30 min | L55: Code/Implement List comprehension | M55: 15 min | N55: What is the benefit of List comprehension? | O55: 15 min | P55: Explain the concept of List comprehension to a junior developer. | Q55: Build/Refine code | R55: - | S55: ☐ Not Started | T55: =IF(S55="☑ Completed", "COMPLETED", "NOT STARTED") | U55: Review Notes for Day 11
A56: 11 | B56: 2026-09-10 | C56: 2 | D56: 1 | E56: Month 1 | F56: Python | G56: Advanced | H56: Dictionary comprehension | I56: Master Dictionary comprehension | J56: 30 min | K56: 30 min | L56: Code/Implement Dictionary comprehension | M56: 15 min | N56: What is the benefit of Dictionary comprehension? | O56: 15 min | P56: Explain the concept of Dictionary comprehension to a junior developer. | Q56: Build/Refine code | R56: - | S56: ☐ Not Started | T56: =IF(S56="☑ Completed", "COMPLETED", "NOT STARTED") | U56: Review Notes for Day 11
A57: 12 | B57: 2026-09-11 | C57: 2 | D57: 1 | E57: Month 1 | F57: Python | G57: Advanced | H57: try | I57: Master try | J57: 45 min | K57: 45 min | L57: Code/Implement try | M57: 15 min | N57: What is the benefit of try? | O57: 15 min | P57: Explain the concept of try to a junior developer. | Q57: Build/Refine code | R57: 5 | S57: ☐ Not Started | T57: =IF(S57="☑ Completed", "COMPLETED", "NOT STARTED") | U57: Review Notes for Day 12
A58: 12 | B58: 2026-09-11 | C58: 2 | D58: 1 | E58: Month 1 | F58: Python | G58: Advanced | H58: except | I58: Master except | J58: 30 min | K58: 30 min | L58: Code/Implement except | M58: 15 min | N58: What is the benefit of except? | O58: 15 min | P58: Explain the concept of except to a junior developer. | Q58: Build/Refine code | R58: - | S58: ☐ Not Started | T58: =IF(S58="☑ Completed", "COMPLETED", "NOT STARTED") | U58: Review Notes for Day 12
A59: 12 | B59: 2026-09-11 | C59: 2 | D59: 1 | E59: Month 1 | F59: Python | G59: Advanced | H59: else | I59: Master else | J59: 30 min | K59: 30 min | L59: Code/Implement else | M59: 15 min | N59: What is the benefit of else? | O59: 15 min | P59: Explain the concept of else to a junior developer. | Q59: Build/Refine code | R59: - | S59: ☐ Not Started | T59: =IF(S59="☑ Completed", "COMPLETED", "NOT STARTED") | U59: Review Notes for Day 12
A60: 12 | B60: 2026-09-11 | C60: 2 | D60: 1 | E60: Month 1 | F60: Python | G60: Advanced | H60: finally | I60: Master finally | J60: 30 min | K60: 30 min | L60: Code/Implement finally | M60: 15 min | N60: What is the benefit of finally? | O60: 15 min | P60: Explain the concept of finally to a junior developer. | Q60: Build/Refine code | R60: - | S60: ☐ Not Started | T60: =IF(S60="☑ Completed", "COMPLETED", "NOT STARTED") | U60: Review Notes for Day 12
A61: 12 | B61: 2026-09-11 | C61: 2 | D61: 1 | E61: Month 1 | F61: Python | G61: Advanced | H61: raise | I61: Master raise | J61: 30 min | K61: 30 min | L61: Code/Implement raise | M61: 15 min | N61: What is the benefit of raise? | O61: 15 min | P61: Explain the concept of raise to a junior developer. | Q61: Build/Refine code | R61: - | S61: ☐ Not Started | T61: =IF(S61="☑ Completed", "COMPLETED", "NOT STARTED") | U61: Review Notes for Day 12
A62: 13 | B62: 2026-09-12 | C62: 2 | D62: 1 | E62: Month 1 | F62: Python | G62: Advanced | H62: CSV files | I62: Master CSV files | J62: 45 min | K62: 45 min | L62: Code/Implement CSV files | M62: 15 min | N62: What is the benefit of CSV files? | O62: 15 min | P62: Explain the concept of CSV files to a junior developer. | Q62: Build/Refine code | R62: 5 | S62: ☐ Not Started | T62: =IF(S62="☑ Completed", "COMPLETED", "NOT STARTED") | U62: Review Notes for Day 13
A63: 13 | B63: 2026-09-12 | C63: 2 | D63: 1 | E63: Month 1 | F63: Python | G63: Advanced | H63: JSON files | I63: Master JSON files | J63: 30 min | K63: 30 min | L63: Code/Implement JSON files | M63: 15 min | N63: What is the benefit of JSON files? | O63: 15 min | P63: Explain the concept of JSON files to a junior developer. | Q63: Build/Refine code | R63: - | S63: ☐ Not Started | T63: =IF(S63="☑ Completed", "COMPLETED", "NOT STARTED") | U63: Review Notes for Day 13
A64: 13 | B64: 2026-09-12 | C64: 2 | D64: 1 | E64: Month 1 | F64: Python | G64: Advanced | H64: Modules | I64: Master Modules | J64: 30 min | K64: 30 min | L64: Code/Implement Modules | M64: 15 min | N64: What is the benefit of Modules? | O64: 15 min | P64: Explain the concept of Modules to a junior developer. | Q64: Build/Refine code | R64: - | S64: ☐ Not Started | T64: =IF(S64="☑ Completed", "COMPLETED", "NOT STARTED") | U64: Review Notes for Day 13
A65: 13 | B65: 2026-09-12 | C65: 2 | D65: 1 | E65: Month 1 | F65: Python | G65: Advanced | H65: Packages | I65: Master Packages | J65: 30 min | K65: 30 min | L65: Code/Implement Packages | M65: 15 min | N65: What is the benefit of Packages? | O65: 15 min | P65: Explain the concept of Packages to a junior developer. | Q65: Build/Refine code | R65: - | S65: ☐ Not Started | T65: =IF(S65="☑ Completed", "COMPLETED", "NOT STARTED") | U65: Review Notes for Day 13
A66: 13 | B66: 2026-09-12 | C66: 2 | D66: 1 | E66: Month 1 | F66: Python | G66: OOP | H66: Classes | I66: Master Classes | J66: 30 min | K66: 30 min | L66: Code/Implement Classes | M66: 15 min | N66: How is Classes implemented in Python? | O66: 15 min | P66: Discuss the principles of Classes in OOP. | Q66: Build/Refine code | R66: - | S66: ☐ Not Started | T66: =IF(S66="☑ Completed", "COMPLETED", "NOT STARTED") | U66: Review Notes for Day 13
A67: 14 | B67: 2026-09-13 | C67: 2 | D67: 1 | E67: Month 1 | F67: Python | G67: OOP | H67: Objects | I67: Master Objects | J67: 45 min | K67: 45 min | L67: Code/Implement Objects | M67: 15 min | N67: How is Objects implemented in Python? | O67: 15 min | P67: Discuss the principles of Objects in OOP. | Q67: Build/Refine code | R67: 5 | S67: ☐ Not Started | T67: =IF(S67="☑ Completed", "COMPLETED", "NOT STARTED") | U67: Review Notes for Day 14
A68: 14 | B68: 2026-09-13 | C68: 2 | D68: 1 | E68: Month 1 | F68: Python | G68: OOP | H68: Constructor | I68: Master Constructor | J68: 30 min | K68: 30 min | L68: Code/Implement Constructor | M68: 15 min | N68: How is Constructor implemented in Python? | O68: 15 min | P68: Discuss the principles of Constructor in OOP. | Q68: Build/Refine code | R68: - | S68: ☐ Not Started | T68: =IF(S68="☑ Completed", "COMPLETED", "NOT STARTED") | U68: Review Notes for Day 14
A69: 14 | B69: 2026-09-13 | C69: 2 | D69: 1 | E69: Month 1 | F69: Python | G69: OOP | H69: self | I69: Master self | J69: 30 min | K69: 30 min | L69: Code/Implement self | M69: 15 min | N69: How is self implemented in Python? | O69: 15 min | P69: Discuss the principles of self in OOP. | Q69: Build/Refine code | R69: - | S69: ☐ Not Started | T69: =IF(S69="☑ Completed", "COMPLETED", "NOT STARTED") | U69: Review Notes for Day 14
A70: 14 | B70: 2026-09-13 | C70: 2 | D70: 1 | E70: Month 1 | F70: Python | G70: OOP | H70: Instance variables | I70: Master Instance variables | J70: 30 min | K70: 30 min | L70: Code/Implement Instance variables | M70: 15 min | N70: How is Instance variables implemented in Python? | O70: 15 min | P70: Discuss the principles of Instance variables in OOP. | Q70: Build/Refine code | R70: - | S70: ☐ Not Started | T70: =IF(S70="☑ Completed", "COMPLETED", "NOT STARTED") | U70: Review Notes for Day 14
A71: 14 | B71: 2026-09-13 | C71: 2 | D71: 1 | E71: Month 1 | F71: Python | G71: OOP | H71: Class variables | I71: Master Class variables | J71: 30 min | K71: 30 min | L71: Code/Implement Class variables | M71: 15 min | N71: How is Class variables implemented in Python? | O71: 15 min | P71: Discuss the principles of Class variables in OOP. | Q71: Build/Refine code | R71: - | S71: ☐ Not Started | T71: =IF(S71="☑ Completed", "COMPLETED", "NOT STARTED") | U71: Review Notes for Day 14
A72: 15 | B72: 2026-09-14 | C72: 3 | D72: 1 | E72: Month 1 | F72: Python | G72: OOP | H72: Methods | I72: Master Methods | J72: 45 min | K72: 45 min | L72: Code/Implement Methods | M72: 15 min | N72: How is Methods implemented in Python? | O72: 15 min | P72: Discuss the principles of Methods in OOP. | Q72: Build/Refine code | R72: 8 | S72: ☐ Not Started | T72: =IF(S72="☑ Completed", "COMPLETED", "NOT STARTED") | U72: Review Notes for Day 15
A73: 15 | B73: 2026-09-14 | C73: 3 | D73: 1 | E73: Month 1 | F73: Python | G73: OOP | H73: Inheritance | I73: Master Inheritance | J73: 30 min | K73: 30 min | L73: Code/Implement Inheritance | M73: 15 min | N73: How is Inheritance implemented in Python? | O73: 15 min | P73: Discuss the principles of Inheritance in OOP. | Q73: Build/Refine code | R73: - | S73: ☐ Not Started | T73: =IF(S73="☑ Completed", "COMPLETED", "NOT STARTED") | U73: Review Notes for Day 15
A74: 15 | B74: 2026-09-14 | C74: 3 | D74: 1 | E74: Month 1 | F74: Python | G74: OOP | H74: Polymorphism | I74: Master Polymorphism | J74: 30 min | K74: 30 min | L74: Code/Implement Polymorphism | M74: 15 min | N74: How is Polymorphism implemented in Python? | O74: 15 min | P74: Discuss the principles of Polymorphism in OOP. | Q74: Build/Refine code | R74: - | S74: ☐ Not Started | T74: =IF(S74="☑ Completed", "COMPLETED", "NOT STARTED") | U74: Review Notes for Day 15
A75: 15 | B75: 2026-09-14 | C75: 3 | D75: 1 | E75: Month 1 | F75: Python | G75: OOP | H75: Encapsulation | I75: Master Encapsulation | J75: 30 min | K75: 30 min | L75: Code/Implement Encapsulation | M75: 15 min | N75: How is Encapsulation implemented in Python? | O75: 15 min | P75: Discuss the principles of Encapsulation in OOP. | Q75: Build/Refine code | R75: - | S75: ☐ Not Started | T75: =IF(S75="☑ Completed", "COMPLETED", "NOT STARTED") | U75: Review Notes for Day 15
A76: 15 | B76: 2026-09-14 | C76: 3 | D76: 1 | E76: Month 1 | F76: Python | G76: OOP | H76: Abstraction | I76: Master Abstraction | J76: 30 min | K76: 30 min | L76: Code/Implement Abstraction | M76: 15 min | N76: How is Abstraction implemented in Python? | O76: 15 min | P76: Discuss the principles of Abstraction in OOP. | Q76: Build/Refine code | R76: - | S76: ☐ Not Started | T76: =IF(S76="☑ Completed", "COMPLETED", "NOT STARTED") | U76: Review Notes for Day 15
A77: 16 | B77: 2026-09-15 | C77: 3 | D77: 1 | E77: Month 1 | F77: Python | G77: OOP | H77: Iterators | I77: Master Iterators | J77: 45 min | K77: 45 min | L77: Code/Implement Iterators | M77: 15 min | N77: How is Iterators implemented in Python? | O77: 15 min | P77: Discuss the principles of Iterators in OOP. | Q77: Build/Refine code | R77: 8 | S77: ☐ Not Started | T77: =IF(S77="☑ Completed", "COMPLETED", "NOT STARTED") | U77: Review Notes for Day 16
A78: 16 | B78: 2026-09-15 | C78: 3 | D78: 1 | E78: Month 1 | F78: Python | G78: OOP | H78: Generators | I78: Master Generators | J78: 30 min | K78: 30 min | L78: Code/Implement Generators | M78: 15 min | N78: How is Generators implemented in Python? | O78: 15 min | P78: Discuss the principles of Generators in OOP. | Q78: Build/Refine code | R78: - | S78: ☐ Not Started | T78: =IF(S78="☑ Completed", "COMPLETED", "NOT STARTED") | U78: Review Notes for Day 16
A79: 16 | B79: 2026-09-15 | C79: 3 | D79: 1 | E79: Month 1 | F79: Python | G79: OOP | H79: Decorators | I79: Master Decorators | J79: 30 min | K79: 30 min | L79: Code/Implement Decorators | M79: 15 min | N79: How is Decorators implemented in Python? | O79: 15 min | P79: Discuss the principles of Decorators in OOP. | Q79: Build/Refine code | R79: - | S79: ☐ Not Started | T79: =IF(S79="☑ Completed", "COMPLETED", "NOT STARTED") | U79: Review Notes for Day 16
A80: 16 | B80: 2026-09-15 | C80: 3 | D80: 1 | E80: Month 1 | F80: NumPy | G80: Arrays | H80: Array creation | I80: Master Array creation | J80: 30 min | K80: 30 min | L80: Code/Implement Array creation | M80: 15 min | N80: Why is NumPy faster for Array creation? | O80: 15 min | P80: Explain how Array creation changes the data structure. | Q80: Build/Refine code | R80: - | S80: ☐ Not Started | T80: =IF(S80="☑ Completed", "COMPLETED", "NOT STARTED") | U80: Review Notes for Day 16
A81: 16 | B81: 2026-09-15 | C81: 3 | D81: 1 | E81: Month 1 | F81: NumPy | G81: Arrays | H81: Shape | I81: Master Shape | J81: 30 min | K81: 30 min | L81: Code/Implement Shape | M81: 15 min | N81: Why is NumPy faster for Shape? | O81: 15 min | P81: Explain how Shape changes the data structure. | Q81: Build/Refine code | R81: - | S81: ☐ Not Started | T81: =IF(S81="☑ Completed", "COMPLETED", "NOT STARTED") | U81: Review Notes for Day 16
A82: 17 | B82: 2026-09-16 | C82: 3 | D82: 1 | E82: Month 1 | F82: NumPy | G82: Arrays | H82: Size | I82: Master Size | J82: 45 min | K82: 45 min | L82: Code/Implement Size | M82: 15 min | N82: Why is NumPy faster for Size? | O82: 15 min | P82: Explain how Size changes the data structure. | Q82: Build/Refine code | R82: 8 | S82: ☐ Not Started | T82: =IF(S82="☑ Completed", "COMPLETED", "NOT STARTED") | U82: Review Notes for Day 17
A83: 17 | B83: 2026-09-16 | C83: 3 | D83: 1 | E83: Month 1 | F83: NumPy | G83: Arrays | H83: Indexing | I83: Master Indexing | J83: 30 min | K83: 30 min | L83: Code/Implement Indexing | M83: 15 min | N83: Why is NumPy faster for Indexing? | O83: 15 min | P83: Explain how Indexing changes the data structure. | Q83: Build/Refine code | R83: - | S83: ☐ Not Started | T83: =IF(S83="☑ Completed", "COMPLETED", "NOT STARTED") | U83: Review Notes for Day 17
A84: 17 | B84: 2026-09-16 | C84: 3 | D84: 1 | E84: Month 1 | F84: NumPy | G84: Arrays | H84: Slicing | I84: Master Slicing | J84: 30 min | K84: 30 min | L84: Code/Implement Slicing | M84: 15 min | N84: Why is NumPy faster for Slicing? | O84: 15 min | P84: Explain how Slicing changes the data structure. | Q84: Build/Refine code | R84: - | S84: ☐ Not Started | T84: =IF(S84="☑ Completed", "COMPLETED", "NOT STARTED") | U84: Review Notes for Day 17
A85: 17 | B85: 2026-09-16 | C85: 3 | D85: 1 | E85: Month 1 | F85: NumPy | G85: Arrays | H85: Reshape | I85: Master Reshape | J85: 30 min | K85: 30 min | L85: Code/Implement Reshape | M85: 15 min | N85: Why is NumPy faster for Reshape? | O85: 15 min | P85: Explain how Reshape changes the data structure. | Q85: Build/Refine code | R85: - | S85: ☐ Not Started | T85: =IF(S85="☑ Completed", "COMPLETED", "NOT STARTED") | U85: Review Notes for Day 17
A86: 17 | B86: 2026-09-16 | C86: 3 | D86: 1 | E86: Month 1 | F86: NumPy | G86: Arrays | H86: Flatten | I86: Master Flatten | J86: 30 min | K86: 30 min | L86: Code/Implement Flatten | M86: 15 min | N86: Why is NumPy faster for Flatten? | O86: 15 min | P86: Explain how Flatten changes the data structure. | Q86: Build/Refine code | R86: - | S86: ☐ Not Started | T86: =IF(S86="☑ Completed", "COMPLETED", "NOT STARTED") | U86: Review Notes for Day 17
A87: 18 | B87: 2026-09-17 | C87: 3 | D87: 1 | E87: Month 1 | F87: NumPy | G87: Arrays | H87: Transpose | I87: Master Transpose | J87: 45 min | K87: 45 min | L87: Code/Implement Transpose | M87: 15 min | N87: Why is NumPy faster for Transpose? | O87: 15 min | P87: Explain how Transpose changes the data structure. | Q87: Build/Refine code | R87: 8 | S87: ☐ Not Started | T87: =IF(S87="☑ Completed", "COMPLETED", "NOT STARTED") | U87: Review Notes for Day 18
A88: 18 | B88: 2026-09-17 | C88: 3 | D88: 1 | E88: Month 1 | F88: NumPy | G88: Arrays | H88: Broadcasting | I88: Master Broadcasting | J88: 30 min | K88: 30 min | L88: Code/Implement Broadcasting | M88: 15 min | N88: Why is NumPy faster for Broadcasting? | O88: 15 min | P88: Explain how Broadcasting changes the data structure. | Q88: Build/Refine code | R88: - | S88: ☐ Not Started | T88: =IF(S88="☑ Completed", "COMPLETED", "NOT STARTED") | U88: Review Notes for Day 18
A89: 18 | B89: 2026-09-17 | C89: 3 | D89: 1 | E89: Month 1 | F89: NumPy | G89: Arrays | H89: Vectorized operations | I89: Master Vectorized operations | J89: 30 min | K89: 30 min | L89: Code/Implement Vectorized operations | M89: 15 min | N89: Why is NumPy faster for Vectorized operations? | O89: 15 min | P89: Explain how Vectorized operations changes the data structure. | Q89: Build/Refine code | R89: - | S89: ☐ Not Started | T89: =IF(S89="☑ Completed", "COMPLETED", "NOT STARTED") | U89: Review Notes for Day 18
A90: 18 | B90: 2026-09-17 | C90: 3 | D90: 1 | E90: Month 1 | F90: NumPy | G90: Arrays | H90: Aggregation | I90: Master Aggregation | J90: 30 min | K90: 30 min | L90: Code/Implement Aggregation | M90: 15 min | N90: Why is NumPy faster for Aggregation? | O90: 15 min | P90: Explain how Aggregation changes the data structure. | Q90: Build/Refine code | R90: - | S90: ☐ Not Started | T90: =IF(S90="☑ Completed", "COMPLETED", "NOT STARTED") | U90: Review Notes for Day 18
A91: 18 | B91: 2026-09-17 | C91: 3 | D91: 1 | E91: Month 1 | F91: NumPy | G91: Arrays | H91: Random module | I91: Master Random module | J91: 30 min | K91: 30 min | L91: Code/Implement Random module | M91: 15 min | N91: Why is NumPy faster for Random module? | O91: 15 min | P91: Explain how Random module changes the data structure. | Q91: Build/Refine code | R91: - | S91: ☐ Not Started | T91: =IF(S91="☑ Completed", "COMPLETED", "NOT STARTED") | U91: Review Notes for Day 18
A92: 19 | B92: 2026-09-18 | C92: 3 | D92: 1 | E92: Month 1 | F92: Pandas | G92: Basics | H92: Series | I92: Master Series | J92: 45 min | K92: 45 min | L92: Code/Implement Series | M92: 15 min | N92: How do you perform Series efficiently in Pandas? | O92: 15 min | P92: Walk me through the process of Series. | Q92: Build/Refine code | R92: 8 | S92: ☐ Not Started | T92: =IF(S92="☑ Completed", "COMPLETED", "NOT STARTED") | U92: Review Notes for Day 19
A93: 19 | B93: 2026-09-18 | C93: 3 | D93: 1 | E93: Month 1 | F93: Pandas | G93: Basics | H93: DataFrame | I93: Master DataFrame | J93: 30 min | K93: 30 min | L93: Code/Implement DataFrame | M93: 15 min | N93: How do you perform DataFrame efficiently in Pandas? | O93: 15 min | P93: Walk me through the process of DataFrame. | Q93: Build/Refine code | R93: - | S93: ☐ Not Started | T93: =IF(S93="☑ Completed", "COMPLETED", "NOT STARTED") | U93: Review Notes for Day 19
A94: 19 | B94: 2026-09-18 | C94: 3 | D94: 1 | E94: Month 1 | F94: Pandas | G94: Basics | H94: Reading CSV | I94: Master Reading CSV | J94: 30 min | K94: 30 min | L94: Code/Implement Reading CSV | M94: 15 min | N94: How do you perform Reading CSV efficiently in Pandas? | O94: 15 min | P94: Walk me through the process of Reading CSV. | Q94: Build/Refine code | R94: - | S94: ☐ Not Started | T94: =IF(S94="☑ Completed", "COMPLETED", "NOT STARTED") | U94: Review Notes for Day 19
A95: 19 | B95: 2026-09-18 | C95: 3 | D95: 1 | E95: Month 1 | F95: Pandas | G95: Basics | H95: Reading Excel | I95: Master Reading Excel | J95: 30 min | K95: 30 min | L95: Code/Implement Reading Excel | M95: 15 min | N95: How do you perform Reading Excel efficiently in Pandas? | O95: 15 min | P95: Walk me through the process of Reading Excel. | Q95: Build/Refine code | R95: - | S95: ☐ Not Started | T95: =IF(S95="☑ Completed", "COMPLETED", "NOT STARTED") | U95: Review Notes for Day 19
A96: 19 | B96: 2026-09-18 | C96: 3 | D96: 1 | E96: Month 1 | F96: Pandas | G96: Basics | H96: head | I96: Master head | J96: 30 min | K96: 30 min | L96: Code/Implement head | M96: 15 min | N96: How do you perform head efficiently in Pandas? | O96: 15 min | P96: Walk me through the process of head. | Q96: Build/Refine code | R96: - | S96: ☐ Not Started | T96: =IF(S96="☑ Completed", "COMPLETED", "NOT STARTED") | U96: Review Notes for Day 19
A97: 20 | B97: 2026-09-19 | C97: 3 | D97: 1 | E97: Month 1 | F97: Pandas | G97: Basics | H97: tail | I97: Master tail | J97: 45 min | K97: 45 min | L97: Code/Implement tail | M97: 15 min | N97: How do you perform tail efficiently in Pandas? | O97: 15 min | P97: Walk me through the process of tail. | Q97: Build/Refine code | R97: 8 | S97: ☐ Not Started | T97: =IF(S97="☑ Completed", "COMPLETED", "NOT STARTED") | U97: Review Notes for Day 20
A98: 20 | B98: 2026-09-19 | C98: 3 | D98: 1 | E98: Month 1 | F98: Pandas | G98: Basics | H98: info | I98: Master info | J98: 30 min | K98: 30 min | L98: Code/Implement info | M98: 15 min | N98: How do you perform info efficiently in Pandas? | O98: 15 min | P98: Walk me through the process of info. | Q98: Build/Refine code | R98: - | S98: ☐ Not Started | T98: =IF(S98="☑ Completed", "COMPLETED", "NOT STARTED") | U98: Review Notes for Day 20
A99: 20 | B99: 2026-09-19 | C99: 3 | D99: 1 | E99: Month 1 | F99: Pandas | G99: Basics | H99: describe | I99: Master describe | J99: 30 min | K99: 30 min | L99: Code/Implement describe | M99: 15 min | N99: How do you perform describe efficiently in Pandas? | O99: 15 min | P99: Walk me through the process of describe. | Q99: Build/Refine code | R99: - | S99: ☐ Not Started | T99: =IF(S99="☑ Completed", "COMPLETED", "NOT STARTED") | U99: Review Notes for Day 20
A100: 20 | B100: 2026-09-19 | C100: 3 | D100: 1 | E100: Month 1 | F100: Pandas | G100: Basics | H100: Selecting columns | I100: Master Selecting columns | J100: 30 min | K100: 30 min | L100: Code/Implement Selecting columns | M100: 15 min | N100: How do you perform Selecting columns efficiently in Pandas? | O100: 15 min | P100: Walk me through the process of Selecting columns. | Q100: Build/Refine code | R100: - | S100: ☐ Not Started | T100: =IF(S100="☑ Completed", "COMPLETED", "NOT STARTED") | U100: Review Notes for Day 20
...

Sheet ALL TOPICS CHECKLIST
A1: Subject | B1: Topic | C1: Subtopic | D1: Planned Day | E1: Planned Time | F1: Completion Checkbox | G1: Status | H1: Revision 1 (Day + 3) | I1: Rev 1 Done | J1: Revision 2 (Day + 7) | K1: Rev 2 Done | L1: Confidence (1-5)
A2: Python | B2: Setup | C2: Python installation | D2: Day 1 | E2: 45 min | F2: ☐ Not Started | G2: =IF(F2="☑ Completed", "COMPLETED", "NOT STARTED") | H2: Day 4 | I2: ☐ Not Started | J2: Day 8 | K2: ☐ Not Started
A3: Python | B3: Setup | C3: VS Code setup | D3: Day 1 | E3: 30 min | F3: ☐ Not Started | G3: =IF(F3="☑ Completed", "COMPLETED", "NOT STARTED") | H3: Day 4 | I3: ☐ Not Started | J3: Day 8 | K3: ☐ Not Started
A4: Python | B4: Setup | C4: Virtual environment | D4: Day 1 | E4: 30 min | F4: ☐ Not Started | G4: =IF(F4="☑ Completed", "COMPLETED", "NOT STARTED") | H4: Day 4 | I4: ☐ Not Started | J4: Day 8 | K4: ☐ Not Started
A5: Python | B5: Setup | C5: pip | D5: Day 1 | E5: 30 min | F5: ☐ Not Started | G5: =IF(F5="☑ Completed", "COMPLETED", "NOT STARTED") | H5: Day 4 | I5: ☐ Not Started | J5: Day 8 | K5: ☐ Not Started
A6: Python | B6: Setup | C6: requirements.txt | D6: Day 1 | E6: 30 min | F6: ☐ Not Started | G6: =IF(F6="☑ Completed", "COMPLETED", "NOT STARTED") | H6: Day 4 | I6: ☐ Not Started | J6: Day 8 | K6: ☐ Not Started
A7: Python | B7: Basics | C7: Python syntax | D7: Day 2 | E7: 45 min | F7: ☐ Not Started | G7: =IF(F7="☑ Completed", "COMPLETED", "NOT STARTED") | H7: Day 5 | I7: ☐ Not Started | J7: Day 9 | K7: ☐ Not Started
A8: Python | B8: Basics | C8: Variables | D8: Day 2 | E8: 30 min | F8: ☐ Not Started | G8: =IF(F8="☑ Completed", "COMPLETED", "NOT STARTED") | H8: Day 5 | I8: ☐ Not Started | J8: Day 9 | K8: ☐ Not Started
A9: Python | B9: Basics | C9: int | D9: Day 2 | E9: 30 min | F9: ☐ Not Started | G9: =IF(F9="☑ Completed", "COMPLETED", "NOT STARTED") | H9: Day 5 | I9: ☐ Not Started | J9: Day 9 | K9: ☐ Not Started
A10: Python | B10: Basics | C10: float | D10: Day 2 | E10: 30 min | F10: ☐ Not Started | G10: =IF(F10="☑ Completed", "COMPLETED", "NOT STARTED") | H10: Day 5 | I10: ☐ Not Started | J10: Day 9 | K10: ☐ Not Started
A11: Python | B11: Basics | C11: string | D11: Day 2 | E11: 30 min | F11: ☐ Not Started | G11: =IF(F11="☑ Completed", "COMPLETED", "NOT STARTED") | H11: Day 5 | I11: ☐ Not Started | J11: Day 9 | K11: ☐ Not Started
A12: Python | B12: Basics | C12: boolean | D12: Day 3 | E12: 45 min | F12: ☐ Not Started | G12: =IF(F12="☑ Completed", "COMPLETED", "NOT STARTED") | H12: Day 6 | I12: ☐ Not Started | J12: Day 10 | K12: ☐ Not Started
A13: Python | B13: Basics | C13: None | D13: Day 3 | E13: 30 min | F13: ☐ Not Started | G13: =IF(F13="☑ Completed", "COMPLETED", "NOT STARTED") | H13: Day 6 | I13: ☐ Not Started | J13: Day 10 | K13: ☐ Not Started
... A516: Mock Interviews & Revision | B516: Full AI/ML Revision | C516: Comprehensive Review Part 30 | D516: Day 120 | E516: 45 min | F516: ☐ Not Started | G516: =IF(F516="☑ Completed", "COMPLETED", "NOT STARTED") | H516: Day 123 | I516: ☐ Not Started | J516: Day 127 | K516: ☐ Not Started
